INSERT INTO book (idb, author, publisher, title, category, publication_year, description) VALUES (1, 'Adam Dylewski', 'Dragon', 'Poczet królów i książąt Polski Od Mieszka I do Stanisława Augusta Poniatowskiego', 'historia', 2018, 'Poczet królów i książąt Polski` to wydawnictwo prezentujące życiorysy władców od Mieszka I do Stanisława Augusta Poniatowskiego. Przedstawione w publikacji biogramy uzupełniają liczne ilustracje, w tym reprodukcje obrazów Jana Matejki, a także - ułatwiające lekturę - mapy.');
INSERT INTO book (idb, author, publisher, title, category, publication_year, description) VALUES (2, 'Tadeusz Czekalski', 'Księgarnia Akademicka', 'Arsenał królewski', 'historia', 2001, 'Prezentowana książka jest pierwszą próbą przedstawienia w możliwie kompleksowy sposób dziejów krakowskiego Arsenału zarówno w okresie uniwersyteckim, jak też przeduniwersyteckim, z uwzględnieniem przekształceń architektonicznych samego gmachu. Położony peryferyjnie w stosunku do innych budynków uniwersyteckich Arsenał Królewski zajmował w przeszłości pozycję strategiczną z punktu widzenia obronności miasta. Sąsiadujące ze wzgórzem wawelskim miejsce, w którym znajduje się opisywany obiekt, wielokrotnie w dziejach miasta stanowiło pierwszą linię jego obrony. Po wyburzeniu murów miejskich i Bramy Grodzkiej osamotniony budynek Arsenału został odsłonięty i wyeksponowany, rozpoczynając nowy okres swojego funkcjonowania w zabytkowym kwartale miasta. ');
INSERT INTO book (idb, author, publisher, title, category, publication_year, description) VALUES (3, 'Jan Twardowski', 'Św. Wojciech', 'Bogu się mówi TAK', 'poezja', 2016, 'Wiersze zebrane w tomie Bogu się mówi - TAK traktują o różnych stanach i nastrojach człowieka, nie zawsze łatwych i radosnych. Jan Twardowski, ksiądz, poeta, a przy tym znakomity psycholog, słowami wierszy próbował odnaleźć i wskazać sens tego, co trudne. Do dziś prowadzi czytelników od smutku do uśmiechu, od zagubienia do odnalezienia siebie i sensu życia, od niewiary do wiary. Wiary, która jest zaufaniem Bogu.');
INSERT INTO book (idb, author, publisher, title, category, publication_year, description) VALUES (4, 'Leopold Staff', 'Biblios', 'Wiersze', 'poezja', 2005, 'Zbiór wierszy Leopolda Staffa opracowany przez dr U. Lementowicz');
INSERT INTO book (idb, author, publisher, title, category, publication_year, description) VALUES (5, 'Bernard Brien', 'WAM', 'Jerzy Popiełuszko. Prawda przeciw totalitaryzmowi', 'religia', 2017, 'Czy przesłanie ks. Jerzego Popiełuszki wciąż jest aktualne? Bez względu na granice czasu i państw? Czy polski kapłan potrafi poruszyć też duszę laickiej Francji? Kapelan Solidarności został brutalnie zamordowany przez milicjantów w 1984 r. Ta zbrodnia głęboko poruszyła serca jego rodaków, tłumnie uczęszczających na msze za Ojczyznę i modlących się o wolną Polskę. Niemal trzydzieści lat później grób Popiełuszki odwiedził francuski kapłan Bernard Brien, który ze zdumieniem odkrył, że obaj urodzili się tego samego dnia 14 września 1947 r. W niedługim czasie postać męczennika niepodległości tak zachwyciła ks. Briena, że stał się jego gorącym czcicielem. Stało się to głównie za sprawą zachwytu nad ewangelicznym radykalizmem Popiełuszki i jego przywiązaniem do prawdy oraz cudu, który wydarzył się we Francji za jego wstawiennictwem.');
INSERT INTO book (idb, author, publisher, title, category, publication_year, description) VALUES (6, 'Aleksandra Zapotoczny', 'AA', 'Jezu, Ty się tym zajmij. Tajemnica księdza Dolindo', 'religia', 2018, 'Barwnie ilustrowana książka odkrywa przed nami tajemnicę niezwykłego życia ks. Dolindo Ruotolo, któremu Jezus powierzył modlitwę Jezu, Ty się tym zajmij. Ksiądz Dolindo to postać niezwykła człowiek pełen głębokiej wiedzy duchowej, cudotwórca wspomagający potrzebujących, sam cierpiący przez wiele lat z powodu niemożności sprawowania posługi kapłańskiej, cichy i pokorny kapłan, którego dzieła liczą kilkanaście tysięcy stron, już za życia uznawany za świętego. Do jego grobu w jednym z neapolitańskich kościołów nieustannie pielgrzymują ludzie potrzebujący pomocy i wsparcia i pomoc tę uzyskują, a ich świadectwa gromadzone są na potrzeby rychłego procesu kanonizacyjnego księdza Dolindo. Autorka książki podąża śladami tego świętego kapłana. Odwiedza jego ukochane miasto Neapol. Prowadzi nas do miejsc związanych z jego życiem i działalnością. Książka zawiera wywiad z Grazią Ruotolo, krewną księdza Dolindo, będącą jednocześnie strażniczką jego pamięci i propagatorką jego wielkiego dzieła.');
INSERT INTO book (idb, author, publisher, title, category, publication_year, description) VALUES (7, 'PRACA ZBIOROWA', 'Święty Paweł', 'Święty Ojciec Pio. Skutecznie święci Więcej niż modlitewnik', 'religia', 2018, 'Ojciec Pio (1887-1968), święty naszych czasów, stygmatyk, mistyk,uzdrowiciel z chorób duchowych i fizycznych. Święty nas wszystkich, do którego możemy się zwrócić z każdą radością i troską, gdyż nas zapewnił: "Każdy może powiedzieć: Ojciec jest cały mój". Nie zostawił nas bez pomocy: "Po mojej śmierci będę mógł czynić więcej dobra. Moja prawdziwa misja zacznie się dopiero po mojej śmierci". ');
INSERT INTO book (idb, author, publisher, title, category, publication_year, description) VALUES (8, 'Francesco Castelli', 'Serafin', 'Przesłuchanie Ojca Pio Odtajnione archiwa Watykanu', 'religia', 2018, 'W ciągu ostatnich lat to najważniejsza publikacja o Ojcu Pio. Wydawało się, że wiemy o nim już wszystko. Nic nie zapowiadało rewelacji. Tymczasem na samym dnie morza archiwalnych papierów leżała sobie mała teczka o wielkiej wadze: akta z pierwszego dochodzenia Świętego Oficjum w sprawie Ojca Pio. Dzięki niej wracamy dziś do przeszłości. Dokument powstał w 1922 roku i zawiera tajne informacje na temat Kapucyna z San Giovanni Rotondo, w tym sześć zeznań złożonych przez niego pod przysięgą przed inkwizytorem Świętego Oficjum.');
INSERT INTO book (idb, author, publisher, title, category, publication_year, description) VALUES (9, 'Joshua Bloch', 'Helion', 'Java. Efektywne programowanie', 'informatyka', 2018, 'Język Java jest konsekwentnie udoskonalany i unowocześniany dzięki zaangażowaniu wielu ludzi. Nowoczesny język Java staje się coraz bardziej wieloparadygmatowy, co oznacza, że stosowanie najlepszych praktyk w coraz większym stopniu determinuje jakość kodu. Obecnie napisanie kodu, który prawidłowo działa i może być łatwo zrozumiany przez innych programistów, nie wystarczy - należy zbudować program w taki sposób, aby można było go łatwo modyfikować. Jako że Java stała się obszerną i złożoną platformą, konieczne stało się uaktualnienie najlepszych praktyk.');
INSERT INTO book (idb, author, publisher, title, category, publication_year, description) VALUES (10,'Edward Lavieri, Peter Verhas', 'Prisma', 'Tajniki Java 9 Pisanie reaktywnego, modularnego, współbieżnego i bezpiecznego kodu', 'informatyka', 2018, 'Dzięki tej książce można: Pisać modularne aplikacje w języku Java, korzystając z nowo wprowadzonego systemu modułów. Migrować istniejące aplikacje Java do wersji modularnych. Zrozumieć, jak korzystać z odśmiecania G1 w celu poprawienia wydajności swoich aplikacji. Odkryć możliwości zapewniane przez nowo wprowadzoną powłokę Java.');
INSERT INTO book (idb, author, publisher, title, category, publication_year, description) VALUES (11, 'David Overton', 'Helion', 'Small Business Server 2008 PL Instalacja, migracja i konfiguracja', 'informatyka', 2018, 'Wiele praktycznych technologii w ramach jednej licencji, większa wydajność serwera, możliwość pracy zdalnej, bezpieczeństwo poczty i szybki dostęp do potrzebnych danych - oto główne powody, dla których małe, dynamicznie rozwijające się firmy decydują się na wdrożenie systemu Small Business Server. Mogą wówczas cieszyć się tym wszechstronnym, a zarazem niewymagającym stałej i bieżącej obsługi rozwiązaniem Microsoftu za naprawdę rozsądne pieniądze. Nic zatem dziwnego, że system ten staje się coraz bardziej popularny, a co za tym idzie - specjaliści od jego wdrażania są coraz bardziej poszukiwani!');

INSERT INTO person (idp, first_name, last_name, phone) VALUES (1, 'Jan', 'Kowalski', 500123345);
INSERT INTO person (idp, first_name, last_name, phone) VALUES (2, 'Marek', 'Nowak', 551445554);
INSERT INTO person (idp, first_name, last_name, phone) VALUES (3, 'Zosia', 'Zaremba', 600100323);
INSERT INTO person (idp, first_name, last_name, phone) VALUES (4, 'Ala', 'Krokus', 510505600);
INSERT INTO person (idp, first_name, last_name, phone) VALUES (5, 'Piotrek', 'Kowalski', 554454332);
INSERT INTO person (idp, first_name, last_name, phone) VALUES (6, 'Jan', 'Wrzos', 500123345);
INSERT INTO person (idp, first_name, last_name, phone) VALUES (7, 'Paulina', 'Kot', 322445554);
INSERT INTO person (idp, first_name, last_name, phone) VALUES (8, 'Maria', 'Zaremba', 603450323);
INSERT INTO person (idp, first_name, last_name, phone) VALUES (9, 'Agata', 'Nowak', 510445600);
INSERT INTO person (idp, first_name, last_name, phone) VALUES (10, 'Piotrek', 'Drozdowski', 276454332);
INSERT INTO borrowed (id, date_borrowing, idp, idb, returned) VALUES (1, 20180412, 3,1, false);
INSERT INTO borrowed (id, date_borrowing, idp, idb, returned) VALUES (2, 20180412, 1,6, false);
INSERT INTO borrowed (id, date_borrowing, idp, idb, returned) VALUES (3, 20180412, 1,5, false);
INSERT INTO borrowed (id, date_borrowing, idp, idb, returned) VALUES (4, 20180105, 1,3, true);
INSERT INTO borrowed (id, date_borrowing, idp, idb, returned) VALUES (5, 20180612, 2,2, false);
INSERT INTO borrowed (id, date_borrowing, idp, idb, returned) VALUES (6, 20180905, 1,2, true);
INSERT INTO borrowed (id, date_borrowing, idp, idb, returned) VALUES (7, 20180905, 1,1, true);
INSERT INTO borrowed (id, date_borrowing, idp, idb, returned) VALUES (8, 20180405, 1,7, true);
INSERT INTO borrowed (id, date_borrowing, idp, idb, returned) VALUES (9, 20180822, 7,2, true);
INSERT INTO borrowed (id, date_borrowing, idp, idb, returned) VALUES (10, 20180105, 7,9, true);
INSERT INTO borrowed (id, date_borrowing, idp, idb, returned) VALUES (11, 20180905, 1,9, false);
